,antecedents,consequents,antecedent support,consequent support,support,confidence,lift,leverage,conviction
188,frozenset({'经济社会'}),"frozenset({'数字', '技术'})",0.06896551724137931,0.06896551724137931,0.06896551724137931,1.0,14.5,0.06420927467300833,inf
211,frozenset({'经济社会'}),"frozenset({'数字', '技术', '区块'})",0.06896551724137931,0.06896551724137931,0.06896551724137931,1.0,14.5,0.06420927467300833,inf
80,"frozenset({'变革', '科技', '发展'})","frozenset({'新一轮', '治理'})",0.06896551724137931,0.06896551724137931,0.06896551724137931,1.0,14.5,0.06420927467300833,inf
217,"frozenset({'数字', '区块'})","frozenset({'经济社会', '发展'})",0.06896551724137931,0.06896551724137931,0.06896551724137931,1.0,14.5,0.06420927467300833,inf
78,"frozenset({'变革', '发展', '治理'})","frozenset({'新一轮', '科技'})",0.06896551724137931,0.06896551724137931,0.06896551724137931,1.0,14.5,0.06420927467300833,inf
77,"frozenset({'新一轮', '变革', '科技'})","frozenset({'发展', '治理'})",0.06896551724137931,0.06896551724137931,0.06896551724137931,1.0,14.5,0.06420927467300833,inf
76,"frozenset({'新一轮', '科技', '治理'})","frozenset({'变革', '发展'})",0.06896551724137931,0.06896551724137931,0.06896551724137931,1.0,14.5,0.06420927467300833,inf
74,"frozenset({'新一轮', '科技', '发展'})","frozenset({'变革', '治理'})",0.06896551724137931,0.06896551724137931,0.06896551724137931,1.0,14.5,0.06420927467300833,inf
73,"frozenset({'新一轮', '变革', '发展'})","frozenset({'科技', '治理'})",0.06896551724137931,0.06896551724137931,0.06896551724137931,1.0,14.5,0.06420927467300833,inf
72,"frozenset({'新一轮', '发展', '治理'})","frozenset({'变革', '科技'})",0.06896551724137931,0.06896551724137931,0.06896551724137931,1.0,14.5,0.06420927467300833,inf
216,"frozenset({'数字', '发展'})","frozenset({'区块', '经济社会'})",0.06896551724137931,0.06896551724137931,0.06896551724137931,1.0,14.5,0.06420927467300833,inf
212,"frozenset({'数字', '区块', '发展'})",frozenset({'经济社会'}),0.06896551724137931,0.06896551724137931,0.06896551724137931,1.0,14.5,0.06420927467300833,inf
66,"frozenset({'发展', '治理'})","frozenset({'新一轮', '科技'})",0.06896551724137931,0.06896551724137931,0.06896551724137931,1.0,14.5,0.06420927467300833,inf
82,"frozenset({'新一轮', '发展'})","frozenset({'变革', '科技', '治理'})",0.06896551724137931,0.06896551724137931,0.06896551724137931,1.0,14.5,0.06420927467300833,inf
65,"frozenset({'科技', '治理'})","frozenset({'新一轮', '发展'})",0.06896551724137931,0.06896551724137931,0.06896551724137931,1.0,14.5,0.06420927467300833,inf
210,"frozenset({'区块', '经济社会'})","frozenset({'数字', '技术'})",0.06896551724137931,0.06896551724137931,0.06896551724137931,1.0,14.5,0.06420927467300833,inf
63,"frozenset({'新一轮', '发展'})","frozenset({'科技', '治理'})",0.06896551724137931,0.06896551724137931,0.06896551724137931,1.0,14.5,0.06420927467300833,inf
62,"frozenset({'新一轮', '科技'})","frozenset({'发展', '治理'})",0.06896551724137931,0.06896551724137931,0.06896551724137931,1.0,14.5,0.06420927467300833,inf
209,"frozenset({'技术', '经济社会'})","frozenset({'数字', '区块'})",0.06896551724137931,0.06896551724137931,0.06896551724137931,1.0,14.5,0.06420927467300833,inf
207,"frozenset({'数字', '区块'})","frozenset({'技术', '经济社会'})",0.06896551724137931,0.06896551724137931,0.06896551724137931,1.0,14.5,0.06420927467300833,inf
239,"frozenset({'数字', '技术', '区块', '发展'})",frozenset({'经济社会'}),0.06896551724137931,0.06896551724137931,0.06896551724137931,1.0,14.5,0.06420927467300833,inf
206,"frozenset({'数字', '技术'})","frozenset({'区块', '经济社会'})",0.06896551724137931,0.06896551724137931,0.06896551724137931,1.0,14.5,0.06420927467300833,inf
57,"frozenset({'变革', '发展'})","frozenset({'新一轮', '科技'})",0.06896551724137931,0.06896551724137931,0.06896551724137931,1.0,14.5,0.06420927467300833,inf
56,"frozenset({'科技', '变革'})","frozenset({'新一轮', '发展'})",0.06896551724137931,0.06896551724137931,0.06896551724137931,1.0,14.5,0.06420927467300833,inf
81,"frozenset({'变革', '科技', '治理'})","frozenset({'新一轮', '发展'})",0.06896551724137931,0.06896551724137931,0.06896551724137931,1.0,14.5,0.06420927467300833,inf
83,"frozenset({'新一轮', '治理'})","frozenset({'变革', '科技', '发展'})",0.06896551724137931,0.06896551724137931,0.06896551724137931,1.0,14.5,0.06420927467300833,inf
54,"frozenset({'新一轮', '科技'})","frozenset({'变革', '发展'})",0.06896551724137931,0.06896551724137931,0.06896551724137931,1.0,14.5,0.06420927467300833,inf
98,"frozenset({'凝聚', '发展'})",frozenset({'共同体'}),0.06896551724137931,0.06896551724137931,0.06896551724137931,1.0,14.5,0.06420927467300833,inf
220,"frozenset({'区块', '经济社会'})","frozenset({'数字', '发展'})",0.06896551724137931,0.06896551724137931,0.06896551724137931,1.0,14.5,0.06420927467300833,inf
226,"frozenset({'数字', '发展'})","frozenset({'技术', '经济社会'})",0.06896551724137931,0.06896551724137931,0.06896551724137931,1.0,14.5,0.06420927467300833,inf
219,"frozenset({'经济社会', '发展'})","frozenset({'数字', '区块'})",0.06896551724137931,0.06896551724137931,0.06896551724137931,1.0,14.5,0.06420927467300833,inf
227,"frozenset({'数字', '技术'})","frozenset({'经济社会', '发展'})",0.06896551724137931,0.06896551724137931,0.06896551724137931,1.0,14.5,0.06420927467300833,inf
118,"frozenset({'科技', '变革'})","frozenset({'发展', '治理'})",0.06896551724137931,0.06896551724137931,0.06896551724137931,1.0,14.5,0.06420927467300833,inf
119,"frozenset({'科技', '治理'})","frozenset({'变革', '发展'})",0.06896551724137931,0.06896551724137931,0.06896551724137931,1.0,14.5,0.06420927467300833,inf
102,frozenset({'共同体'}),"frozenset({'凝聚', '发展'})",0.06896551724137931,0.06896551724137931,0.06896551724137931,1.0,14.5,0.06420927467300833,inf
101,frozenset({'凝聚'}),"frozenset({'发展', '共同体'})",0.06896551724137931,0.06896551724137931,0.06896551724137931,1.0,14.5,0.06420927467300833,inf
100,"frozenset({'发展', '共同体'})",frozenset({'凝聚'}),0.06896551724137931,0.06896551724137931,0.06896551724137931,1.0,14.5,0.06420927467300833,inf
229,"frozenset({'经济社会', '发展'})","frozenset({'数字', '技术'})",0.06896551724137931,0.06896551724137931,0.06896551724137931,1.0,14.5,0.06420927467300833,inf
230,"frozenset({'技术', '经济社会'})","frozenset({'数字', '发展'})",0.06896551724137931,0.06896551724137931,0.06896551724137931,1.0,14.5,0.06420927467300833,inf
84,"frozenset({'新一轮', '科技'})","frozenset({'变革', '发展', '治理'})",0.06896551724137931,0.06896551724137931,0.06896551724137931,1.0,14.5,0.06420927467300833,inf
96,frozenset({'共同体'}),frozenset({'凝聚'}),0.06896551724137931,0.06896551724137931,0.06896551724137931,1.0,14.5,0.06420927467300833,inf
95,frozenset({'凝聚'}),frozenset({'共同体'}),0.06896551724137931,0.06896551724137931,0.06896551724137931,1.0,14.5,0.06420927467300833,inf
231,frozenset({'经济社会'}),"frozenset({'数字', '技术', '发展'})",0.06896551724137931,0.06896551724137931,0.06896551724137931,1.0,14.5,0.06420927467300833,inf
120,"frozenset({'变革', '发展'})","frozenset({'科技', '治理'})",0.06896551724137931,0.06896551724137931,0.06896551724137931,1.0,14.5,0.06420927467300833,inf
121,"frozenset({'发展', '治理'})","frozenset({'科技', '变革'})",0.06896551724137931,0.06896551724137931,0.06896551724137931,1.0,14.5,0.06420927467300833,inf
89,"frozenset({'变革', '科技'})","frozenset({'新一轮', '发展', '治理'})",0.06896551724137931,0.06896551724137931,0.06896551724137931,1.0,14.5,0.06420927467300833,inf
88,"frozenset({'科技', '治理'})","frozenset({'新一轮', '变革', '发展'})",0.06896551724137931,0.06896551724137931,0.06896551724137931,1.0,14.5,0.06420927467300833,inf
87,"frozenset({'变革', '治理'})","frozenset({'新一轮', '科技', '发展'})",0.06896551724137931,0.06896551724137931,0.06896551724137931,1.0,14.5,0.06420927467300833,inf
86,"frozenset({'变革', '发展'})","frozenset({'新一轮', '科技', '治理'})",0.06896551724137931,0.06896551724137931,0.06896551724137931,1.0,14.5,0.06420927467300833,inf
85,"frozenset({'发展', '治理'})","frozenset({'新一轮', '变革', '科技'})",0.06896551724137931,0.06896551724137931,0.06896551724137931,1.0,14.5,0.06420927467300833,inf
222,"frozenset({'数字', '技术', '发展'})",frozenset({'经济社会'}),0.06896551724137931,0.06896551724137931,0.06896551724137931,1.0,14.5,0.06420927467300833,inf
55,"frozenset({'新一轮', '发展'})","frozenset({'科技', '变革'})",0.06896551724137931,0.06896551724137931,0.06896551724137931,1.0,14.5,0.06420927467300833,inf
162,"frozenset({'管理', '智能化'})",frozenset({'提高'}),0.06896551724137931,0.06896551724137931,0.06896551724137931,1.0,14.5,0.06420927467300833,inf
159,frozenset({'智能化'}),frozenset({'提高'}),0.06896551724137931,0.06896551724137931,0.06896551724137931,1.0,14.5,0.06420927467300833,inf
160,"frozenset({'提高', '管理'})",frozenset({'智能化'}),0.06896551724137931,0.06896551724137931,0.06896551724137931,1.0,14.5,0.06420927467300833,inf
161,"frozenset({'提高', '智能化'})",frozenset({'管理'}),0.06896551724137931,0.06896551724137931,0.06896551724137931,1.0,14.5,0.06420927467300833,inf
163,frozenset({'提高'}),"frozenset({'管理', '智能化'})",0.06896551724137931,0.06896551724137931,0.06896551724137931,1.0,14.5,0.06420927467300833,inf
164,frozenset({'管理'}),"frozenset({'提高', '智能化'})",0.06896551724137931,0.06896551724137931,0.06896551724137931,1.0,14.5,0.06420927467300833,inf
165,frozenset({'智能化'}),"frozenset({'提高', '管理'})",0.06896551724137931,0.06896551724137931,0.06896551724137931,1.0,14.5,0.06420927467300833,inf
202,"frozenset({'数字', '技术', '区块'})",frozenset({'经济社会'}),0.06896551724137931,0.06896551724137931,0.06896551724137931,1.0,14.5,0.06420927467300833,inf
192,frozenset({'经济社会'}),"frozenset({'数字', '发展'})",0.06896551724137931,0.06896551724137931,0.06896551724137931,1.0,14.5,0.06420927467300833,inf
250,"frozenset({'经济社会', '技术', '发展'})","frozenset({'数字', '区块'})",0.06896551724137931,0.06896551724137931,0.06896551724137931,1.0,14.5,0.06420927467300833,inf
251,"frozenset({'技术', '区块', '经济社会'})","frozenset({'数字', '发展'})",0.06896551724137931,0.06896551724137931,0.06896551724137931,1.0,14.5,0.06420927467300833,inf
252,"frozenset({'经济社会', '区块', '发展'})","frozenset({'数字', '技术'})",0.06896551724137931,0.06896551724137931,0.06896551724137931,1.0,14.5,0.06420927467300833,inf
181,"frozenset({'数字', '区块'})",frozenset({'经济社会'}),0.06896551724137931,0.06896551724137931,0.06896551724137931,1.0,14.5,0.06420927467300833,inf
253,"frozenset({'数字', '技术'})","frozenset({'经济社会', '区块', '发展'})",0.06896551724137931,0.06896551724137931,0.06896551724137931,1.0,14.5,0.06420927467300833,inf
254,"frozenset({'数字', '发展'})","frozenset({'技术', '区块', '经济社会'})",0.06896551724137931,0.06896551724137931,0.06896551724137931,1.0,14.5,0.06420927467300833,inf
255,"frozenset({'数字', '区块'})","frozenset({'经济社会', '技术', '发展'})",0.06896551724137931,0.06896551724137931,0.06896551724137931,1.0,14.5,0.06420927467300833,inf
189,"frozenset({'数字', '发展'})",frozenset({'经济社会'}),0.06896551724137931,0.06896551724137931,0.06896551724137931,1.0,14.5,0.06420927467300833,inf
257,"frozenset({'技术', '经济社会'})","frozenset({'数字', '区块', '发展'})",0.06896551724137931,0.06896551724137931,0.06896551724137931,1.0,14.5,0.06420927467300833,inf
258,"frozenset({'经济社会', '发展'})","frozenset({'数字', '技术', '区块'})",0.06896551724137931,0.06896551724137931,0.06896551724137931,1.0,14.5,0.06420927467300833,inf
259,"frozenset({'区块', '经济社会'})","frozenset({'数字', '技术', '发展'})",0.06896551724137931,0.06896551724137931,0.06896551724137931,1.0,14.5,0.06420927467300833,inf
260,frozenset({'经济社会'}),"frozenset({'数字', '技术', '区块', '发展'})",0.06896551724137931,0.06896551724137931,0.06896551724137931,1.0,14.5,0.06420927467300833,inf
184,frozenset({'经济社会'}),"frozenset({'数字', '区块'})",0.06896551724137931,0.06896551724137931,0.06896551724137931,1.0,14.5,0.06420927467300833,inf
185,"frozenset({'数字', '技术'})",frozenset({'经济社会'}),0.06896551724137931,0.06896551724137931,0.06896551724137931,1.0,14.5,0.06420927467300833,inf
247,"frozenset({'数字', '区块', '发展'})","frozenset({'技术', '经济社会'})",0.06896551724137931,0.06896551724137931,0.06896551724137931,1.0,14.5,0.06420927467300833,inf
221,frozenset({'经济社会'}),"frozenset({'数字', '区块', '发展'})",0.06896551724137931,0.06896551724137931,0.06896551724137931,1.0,14.5,0.06420927467300833,inf
158,frozenset({'提高'}),frozenset({'智能化'}),0.06896551724137931,0.06896551724137931,0.06896551724137931,1.0,14.5,0.06420927467300833,inf
37,"frozenset({'新一轮', '治理'})","frozenset({'变革', '发展'})",0.06896551724137931,0.06896551724137931,0.06896551724137931,1.0,14.5,0.06420927467300833,inf
49,"frozenset({'变革', '治理'})","frozenset({'新一轮', '科技'})",0.06896551724137931,0.06896551724137931,0.06896551724137931,1.0,14.5,0.06420927467300833,inf
151,"frozenset({'应用', '产业'})",frozenset({'人才培养'}),0.06896551724137931,0.06896551724137931,0.06896551724137931,1.0,14.5,0.06420927467300833,inf
47,"frozenset({'科技', '变革'})","frozenset({'新一轮', '治理'})",0.06896551724137931,0.06896551724137931,0.06896551724137931,1.0,14.5,0.06420927467300833,inf
46,"frozenset({'新一轮', '治理'})","frozenset({'科技', '变革'})",0.06896551724137931,0.06896551724137931,0.06896551724137931,1.0,14.5,0.06420927467300833,inf
45,"frozenset({'新一轮', '科技'})","frozenset({'变革', '治理'})",0.06896551724137931,0.06896551724137931,0.06896551724137931,1.0,14.5,0.06420927467300833,inf
152,frozenset({'人才培养'}),"frozenset({'应用', '产业'})",0.06896551724137931,0.06896551724137931,0.06896551724137931,1.0,14.5,0.06420927467300833,inf
244,"frozenset({'数字', '技术', '发展'})","frozenset({'区块', '经济社会'})",0.06896551724137931,0.06896551724137931,0.06896551724137931,1.0,14.5,0.06420927467300833,inf
154,frozenset({'管理'}),frozenset({'智能化'}),0.06896551724137931,0.06896551724137931,0.06896551724137931,1.0,14.5,0.06420927467300833,inf
155,frozenset({'智能化'}),frozenset({'管理'}),0.06896551724137931,0.06896551724137931,0.06896551724137931,1.0,14.5,0.06420927467300833,inf
39,"frozenset({'变革', '治理'})","frozenset({'新一轮', '发展'})",0.06896551724137931,0.06896551724137931,0.06896551724137931,1.0,14.5,0.06420927467300833,inf
38,"frozenset({'变革', '发展'})","frozenset({'新一轮', '治理'})",0.06896551724137931,0.06896551724137931,0.06896551724137931,1.0,14.5,0.06420927467300833,inf
36,"frozenset({'新一轮', '发展'})","frozenset({'变革', '治理'})",0.06896551724137931,0.06896551724137931,0.06896551724137931,1.0,14.5,0.06420927467300833,inf
245,"frozenset({'数字', '技术', '区块'})","frozenset({'经济社会', '发展'})",0.06896551724137931,0.06896551724137931,0.06896551724137931,1.0,14.5,0.06420927467300833,inf
157,frozenset({'管理'}),frozenset({'提高'}),0.06896551724137931,0.06896551724137931,0.06896551724137931,1.0,14.5,0.06420927467300833,inf
156,frozenset({'提高'}),frozenset({'管理'}),0.06896551724137931,0.06896551724137931,0.06896551724137931,1.0,14.5,0.06420927467300833,inf
218,"frozenset({'数字', '经济社会'})","frozenset({'区块', '发展'})",0.06896551724137931,0.10344827586206896,0.06896551724137931,1.0,9.666666666666666,0.06183115338882283,inf
114,"frozenset({'科技', '发展', '变革'})",frozenset({'治理'}),0.06896551724137931,0.10344827586206896,0.06896551724137931,1.0,9.666666666666666,0.06183115338882283,inf
147,frozenset({'人才培养'}),frozenset({'应用'}),0.06896551724137931,0.10344827586206896,0.06896551724137931,1.0,9.666666666666666,0.06183115338882283,inf
150,"frozenset({'人才培养', '产业'})",frozenset({'应用'}),0.06896551724137931,0.10344827586206896,0.06896551724137931,1.0,9.666666666666666,0.06183115338882283,inf
205,"frozenset({'技术', '区块', '经济社会'})",frozenset({'数字'}),0.06896551724137931,0.10344827586206896,0.06896551724137931,1.0,9.666666666666666,0.06183115338882283,inf
183,"frozenset({'区块', '经济社会'})",frozenset({'数字'}),0.06896551724137931,0.10344827586206896,0.06896551724137931,1.0,9.666666666666666,0.06183115338882283,inf
127,"frozenset({'应用', '发展'})",frozenset({'人工智能'}),0.06896551724137931,0.10344827586206896,0.06896551724137931,1.0,9.666666666666666,0.06183115338882283,inf
122,"frozenset({'变革', '治理'})","frozenset({'科技', '发展'})",0.06896551724137931,0.10344827586206896,0.06896551724137931,1.0,9.666666666666666,0.06183115338882283,inf
215,"frozenset({'经济社会', '区块', '发展'})",frozenset({'数字'}),0.06896551724137931,0.10344827586206896,0.06896551724137931,1.0,9.666666666666666,0.06183115338882283,inf
153,frozenset({'打造'}),frozenset({'国际'}),0.06896551724137931,0.10344827586206896,0.06896551724137931,1.0,9.666666666666666,0.06183115338882283,inf
170,frozenset({'交流思想'}),frozenset({'合作'}),0.06896551724137931,0.10344827586206896,0.06896551724137931,1.0,9.666666666666666,0.06183115338882283,inf
198,frozenset({'经济社会'}),"frozenset({'区块', '发展'})",0.06896551724137931,0.10344827586206896,0.06896551724137931,1.0,9.666666666666666,0.06183115338882283,inf
174,"frozenset({'融合', '区块'})",frozenset({'加快'}),0.06896551724137931,0.10344827586206896,0.06896551724137931,1.0,9.666666666666666,0.06183115338882283,inf
125,"frozenset({'产业', '发展'})",frozenset({'人工智能'}),0.06896551724137931,0.10344827586206896,0.06896551724137931,1.0,9.666666666666666,0.06183115338882283,inf
191,"frozenset({'经济社会', '发展'})",frozenset({'数字'}),0.06896551724137931,0.10344827586206896,0.06896551724137931,1.0,9.666666666666666,0.06183115338882283,inf
177,frozenset({'经济社会'}),frozenset({'数字'}),0.06896551724137931,0.10344827586206896,0.06896551724137931,1.0,9.666666666666666,0.06183115338882283,inf
143,"frozenset({'数字', '技术'})","frozenset({'区块', '发展'})",0.06896551724137931,0.10344827586206896,0.06896551724137931,1.0,9.666666666666666,0.06183115338882283,inf
132,"frozenset({'融合', '智能'})",frozenset({'数字'}),0.06896551724137931,0.10344827586206896,0.06896551724137931,1.0,9.666666666666666,0.06183115338882283,inf
225,"frozenset({'经济社会', '技术', '发展'})",frozenset({'数字'}),0.06896551724137931,0.10344827586206896,0.06896551724137931,1.0,9.666666666666666,0.06183115338882283,inf
19,"frozenset({'变革', '治理'})",frozenset({'新一轮'}),0.06896551724137931,0.10344827586206896,0.06896551724137931,1.0,9.666666666666666,0.06183115338882283,inf
61,"frozenset({'科技', '发展', '治理'})",frozenset({'新一轮'}),0.06896551724137931,0.10344827586206896,0.06896551724137931,1.0,9.666666666666666,0.06183115338882283,inf
238,frozenset({'经济社会'}),"frozenset({'技术', '区块', '发展'})",0.06896551724137931,0.10344827586206896,0.06896551724137931,1.0,9.666666666666666,0.06183115338882283,inf
58,"frozenset({'新一轮', '科技', '发展'})",frozenset({'治理'}),0.06896551724137931,0.10344827586206896,0.06896551724137931,1.0,9.666666666666666,0.06183115338882283,inf
53,"frozenset({'科技', '发展', '变革'})",frozenset({'新一轮'}),0.06896551724137931,0.10344827586206896,0.06896551724137931,1.0,9.666666666666666,0.06183115338882283,inf
21,"frozenset({'变革', '发展'})",frozenset({'新一轮'}),0.06896551724137931,0.10344827586206896,0.06896551724137931,1.0,9.666666666666666,0.06183115338882283,inf
243,"frozenset({'经济社会', '技术', '区块', '发展'})",frozenset({'数字'}),0.06896551724137931,0.10344827586206896,0.06896551724137931,1.0,9.666666666666666,0.06183115338882283,inf
48,"frozenset({'科技', '治理'})","frozenset({'新一轮', '变革'})",0.06896551724137931,0.10344827586206896,0.06896551724137931,1.0,9.666666666666666,0.06183115338882283,inf
44,"frozenset({'科技', '变革', '治理'})",frozenset({'新一轮'}),0.06896551724137931,0.10344827586206896,0.06896551724137931,1.0,9.666666666666666,0.06183115338882283,inf
41,"frozenset({'新一轮', '科技', '变革'})",frozenset({'治理'}),0.06896551724137931,0.10344827586206896,0.06896551724137931,1.0,9.666666666666666,0.06183115338882283,inf
40,"frozenset({'发展', '治理'})","frozenset({'新一轮', '变革'})",0.06896551724137931,0.10344827586206896,0.06896551724137931,1.0,9.666666666666666,0.06183115338882283,inf
35,"frozenset({'变革', '发展', '治理'})",frozenset({'新一轮'}),0.06896551724137931,0.10344827586206896,0.06896551724137931,1.0,9.666666666666666,0.06183115338882283,inf
32,"frozenset({'新一轮', '变革', '发展'})",frozenset({'治理'}),0.06896551724137931,0.10344827586206896,0.06896551724137931,1.0,9.666666666666666,0.06183115338882283,inf
246,"frozenset({'数字', '技术', '经济社会'})","frozenset({'区块', '发展'})",0.06896551724137931,0.10344827586206896,0.06896551724137931,1.0,9.666666666666666,0.06183115338882283,inf
29,"frozenset({'科技', '治理'})",frozenset({'新一轮'}),0.06896551724137931,0.10344827586206896,0.06896551724137931,1.0,9.666666666666666,0.06183115338882283,inf
27,"frozenset({'新一轮', '科技'})",frozenset({'治理'}),0.06896551724137931,0.10344827586206896,0.06896551724137931,1.0,9.666666666666666,0.06183115338882283,inf
26,"frozenset({'发展', '治理'})",frozenset({'新一轮'}),0.06896551724137931,0.10344827586206896,0.06896551724137931,1.0,9.666666666666666,0.06183115338882283,inf
24,"frozenset({'新一轮', '发展'})",frozenset({'治理'}),0.06896551724137931,0.10344827586206896,0.06896551724137931,1.0,9.666666666666666,0.06183115338882283,inf
64,"frozenset({'新一轮', '治理'})","frozenset({'科技', '发展'})",0.06896551724137931,0.10344827586206896,0.06896551724137931,1.0,9.666666666666666,0.06183115338882283,inf
23,"frozenset({'科技', '变革'})",frozenset({'新一轮'}),0.06896551724137931,0.10344827586206896,0.06896551724137931,1.0,9.666666666666666,0.06183115338882283,inf
236,"frozenset({'技术', '经济社会'})","frozenset({'区块', '发展'})",0.06896551724137931,0.10344827586206896,0.06896551724137931,1.0,9.666666666666666,0.06183115338882283,inf
69,"frozenset({'新一轮', '变革', '科技', '发展'})",frozenset({'治理'}),0.06896551724137931,0.10344827586206896,0.06896551724137931,1.0,9.666666666666666,0.06183115338882283,inf
256,"frozenset({'数字', '经济社会'})","frozenset({'技术', '区块', '发展'})",0.06896551724137931,0.10344827586206896,0.06896551724137931,1.0,9.666666666666666,0.06183115338882283,inf
187,"frozenset({'技术', '经济社会'})",frozenset({'数字'}),0.06896551724137931,0.10344827586206896,0.06896551724137931,1.0,9.666666666666666,0.06183115338882283,inf
75,"frozenset({'新一轮', '变革', '治理'})","frozenset({'科技', '发展'})",0.06896551724137931,0.10344827586206896,0.06896551724137931,1.0,9.666666666666666,0.06183115338882283,inf
71,"frozenset({'变革', '科技', '发展', '治理'})",frozenset({'新一轮'}),0.06896551724137931,0.10344827586206896,0.06896551724137931,1.0,9.666666666666666,0.06183115338882283,inf
90,frozenset({'汽车产业'}),frozenset({'新能源'}),0.06896551724137931,0.10344827586206896,0.06896551724137931,1.0,9.666666666666666,0.06183115338882283,inf
79,"frozenset({'科技', '发展', '治理'})","frozenset({'新一轮', '变革'})",0.06896551724137931,0.10344827586206896,0.06896551724137931,1.0,9.666666666666666,0.06183115338882283,inf
106,"frozenset({'变革', '发展'})",frozenset({'治理'}),0.06896551724137931,0.10344827586206896,0.06896551724137931,1.0,9.666666666666666,0.06183115338882283,inf
109,"frozenset({'科技', '变革'})",frozenset({'治理'}),0.06896551724137931,0.10344827586206896,0.06896551724137931,1.0,9.666666666666666,0.06183115338882283,inf
22,"frozenset({'新一轮', '科技'})",frozenset({'变革'}),0.06896551724137931,0.13793103448275862,0.06896551724137931,1.0,7.25,0.059453032104637336,inf
262,"frozenset({'加强', '区块'})",frozenset({'推动'}),0.06896551724137931,0.13793103448275862,0.06896551724137931,1.0,7.25,0.059453032104637336,inf
228,"frozenset({'数字', '经济社会'})","frozenset({'技术', '发展'})",0.06896551724137931,0.13793103448275862,0.06896551724137931,1.0,7.25,0.059453032104637336,inf
34,"frozenset({'新一轮', '发展', '治理'})",frozenset({'变革'}),0.06896551724137931,0.13793103448275862,0.06896551724137931,1.0,7.25,0.059453032104637336,inf
108,"frozenset({'发展', '治理'})",frozenset({'变革'}),0.06896551724137931,0.13793103448275862,0.06896551724137931,1.0,7.25,0.059453032104637336,inf
115,"frozenset({'科技', '发展', '治理'})",frozenset({'变革'}),0.06896551724137931,0.13793103448275862,0.06896551724137931,1.0,7.25,0.059453032104637336,inf
249,"frozenset({'数字', '区块', '经济社会'})","frozenset({'技术', '发展'})",0.06896551724137931,0.13793103448275862,0.06896551724137931,1.0,7.25,0.059453032104637336,inf
42,"frozenset({'新一轮', '科技', '治理'})",frozenset({'变革'}),0.06896551724137931,0.13793103448275862,0.06896551724137931,1.0,7.25,0.059453032104637336,inf
18,"frozenset({'新一轮', '治理'})",frozenset({'变革'}),0.06896551724137931,0.13793103448275862,0.06896551724137931,1.0,7.25,0.059453032104637336,inf
50,"frozenset({'新一轮', '科技', '发展'})",frozenset({'变革'}),0.06896551724137931,0.13793103448275862,0.06896551724137931,1.0,7.25,0.059453032104637336,inf
17,frozenset({'新一轮'}),frozenset({'变革'}),0.10344827586206896,0.13793103448275862,0.10344827586206896,1.0,7.25,0.089179548156956,inf
110,"frozenset({'科技', '治理'})",frozenset({'变革'}),0.06896551724137931,0.13793103448275862,0.06896551724137931,1.0,7.25,0.059453032104637336,inf
201,frozenset({'经济社会'}),"frozenset({'技术', '发展'})",0.06896551724137931,0.13793103448275862,0.06896551724137931,1.0,7.25,0.059453032104637336,inf
20,"frozenset({'新一轮', '发展'})",frozenset({'变革'}),0.06896551724137931,0.13793103448275862,0.06896551724137931,1.0,7.25,0.059453032104637336,inf
144,"frozenset({'数字', '区块'})","frozenset({'技术', '发展'})",0.06896551724137931,0.13793103448275862,0.06896551724137931,1.0,7.25,0.059453032104637336,inf
167,"frozenset({'高水平', '愿同'})",frozenset({'高度重视'}),0.06896551724137931,0.13793103448275862,0.06896551724137931,1.0,7.25,0.059453032104637336,inf
130,"frozenset({'融合', '愿同'})",frozenset({'高度重视'}),0.06896551724137931,0.13793103448275862,0.06896551724137931,1.0,7.25,0.059453032104637336,inf
131,"frozenset({'融合', '数字'})",frozenset({'智能'}),0.06896551724137931,0.13793103448275862,0.06896551724137931,1.0,7.25,0.059453032104637336,inf
237,"frozenset({'区块', '经济社会'})","frozenset({'技术', '发展'})",0.06896551724137931,0.13793103448275862,0.06896551724137931,1.0,7.25,0.059453032104637336,inf
68,"frozenset({'新一轮', '科技', '发展', '治理'})",frozenset({'变革'}),0.06896551724137931,0.13793103448275862,0.06896551724137931,1.0,7.25,0.059453032104637336,inf
8,frozenset({'重大突破'}),"frozenset({'创新', '科技'})",0.06896551724137931,0.1724137931034483,0.06896551724137931,1.0,5.8,0.05707491082045184,inf
195,frozenset({'经济社会'}),"frozenset({'技术', '区块'})",0.06896551724137931,0.1724137931034483,0.06896551724137931,1.0,5.8,0.05707491082045184,inf
13,frozenset({'世界'}),"frozenset({'创新', '科技'})",0.06896551724137931,0.1724137931034483,0.06896551724137931,1.0,5.8,0.05707491082045184,inf
176,"frozenset({'区块', '加快'})",frozenset({'融合'}),0.06896551724137931,0.1724137931034483,0.06896551724137931,1.0,5.8,0.05707491082045184,inf
149,"frozenset({'人才培养', '应用'})",frozenset({'产业'}),0.06896551724137931,0.1724137931034483,0.06896551724137931,1.0,5.8,0.05707491082045184,inf
91,"frozenset({'创新', '发展'})",frozenset({'愿同'}),0.06896551724137931,0.1724137931034483,0.06896551724137931,1.0,5.8,0.05707491082045184,inf
248,"frozenset({'数字', '经济社会', '发展'})","frozenset({'技术', '区块'})",0.06896551724137931,0.1724137931034483,0.06896551724137931,1.0,5.8,0.05707491082045184,inf
148,frozenset({'人才培养'}),frozenset({'产业'}),0.06896551724137931,0.1724137931034483,0.06896551724137931,1.0,5.8,0.05707491082045184,inf
146,frozenset({'深度'}),frozenset({'融合'}),0.06896551724137931,0.1724137931034483,0.06896551724137931,1.0,5.8,0.05707491082045184,inf
104,"frozenset({'创新', '区块'})",frozenset({'产业'}),0.06896551724137931,0.1724137931034483,0.06896551724137931,1.0,5.8,0.05707491082045184,inf
145,"frozenset({'数字', '发展'})","frozenset({'技术', '区块'})",0.06896551724137931,0.1724137931034483,0.06896551724137931,1.0,5.8,0.05707491082045184,inf
208,"frozenset({'数字', '经济社会'})","frozenset({'技术', '区块'})",0.06896551724137931,0.1724137931034483,0.06896551724137931,1.0,5.8,0.05707491082045184,inf
166,"frozenset({'高度重视', '高水平'})",frozenset({'愿同'}),0.06896551724137931,0.1724137931034483,0.06896551724137931,1.0,5.8,0.05707491082045184,inf
235,"frozenset({'经济社会', '发展'})","frozenset({'技术', '区块'})",0.06896551724137931,0.1724137931034483,0.06896551724137931,1.0,5.8,0.05707491082045184,inf
133,"frozenset({'数字', '智能'})",frozenset({'融合'}),0.06896551724137931,0.1724137931034483,0.06896551724137931,1.0,5.8,0.05707491082045184,inf
1,"frozenset({'领域', '发展'})",frozenset({'融合'}),0.06896551724137931,0.1724137931034483,0.06896551724137931,1.0,5.8,0.05707491082045184,inf
129,"frozenset({'融合', '高度重视'})",frozenset({'愿同'}),0.06896551724137931,0.1724137931034483,0.06896551724137931,1.0,5.8,0.05707491082045184,inf
203,"frozenset({'数字', '技术', '经济社会'})",frozenset({'区块'}),0.06896551724137931,0.20689655172413793,0.06896551724137931,1.0,4.833333333333333,0.054696789536266346,inf
261,"frozenset({'技术', '推动'})",frozenset({'区块'}),0.06896551724137931,0.20689655172413793,0.06896551724137931,1.0,4.833333333333333,0.054696789536266346,inf
213,"frozenset({'数字', '经济社会', '发展'})",frozenset({'区块'}),0.06896551724137931,0.20689655172413793,0.06896551724137931,1.0,4.833333333333333,0.054696789536266346,inf
193,"frozenset({'技术', '经济社会'})",frozenset({'区块'}),0.06896551724137931,0.20689655172413793,0.06896551724137931,1.0,4.833333333333333,0.054696789536266346,inf
240,"frozenset({'数字', '经济社会', '技术', '发展'})",frozenset({'区块'}),0.06896551724137931,0.20689655172413793,0.06896551724137931,1.0,4.833333333333333,0.054696789536266346,inf
196,"frozenset({'经济社会', '发展'})",frozenset({'区块'}),0.06896551724137931,0.20689655172413793,0.06896551724137931,1.0,4.833333333333333,0.054696789536266346,inf
232,"frozenset({'经济社会', '技术', '发展'})",frozenset({'区块'}),0.06896551724137931,0.20689655172413793,0.06896551724137931,1.0,4.833333333333333,0.054696789536266346,inf
263,"frozenset({'加强', '推动'})",frozenset({'区块'}),0.06896551724137931,0.20689655172413793,0.06896551724137931,1.0,4.833333333333333,0.054696789536266346,inf
2,"frozenset({'领域', '技术'})",frozenset({'区块'}),0.06896551724137931,0.20689655172413793,0.06896551724137931,1.0,4.833333333333333,0.054696789536266346,inf
178,frozenset({'经济社会'}),frozenset({'区块'}),0.06896551724137931,0.20689655172413793,0.06896551724137931,1.0,4.833333333333333,0.054696789536266346,inf
103,"frozenset({'创新', '产业'})",frozenset({'区块'}),0.06896551724137931,0.20689655172413793,0.06896551724137931,1.0,4.833333333333333,0.054696789536266346,inf
175,"frozenset({'融合', '加快'})",frozenset({'区块'}),0.06896551724137931,0.20689655172413793,0.06896551724137931,1.0,4.833333333333333,0.054696789536266346,inf
182,"frozenset({'数字', '经济社会'})",frozenset({'区块'}),0.06896551724137931,0.20689655172413793,0.06896551724137931,1.0,4.833333333333333,0.054696789536266346,inf
134,"frozenset({'数字', '技术'})",frozenset({'区块'}),0.06896551724137931,0.20689655172413793,0.06896551724137931,1.0,4.833333333333333,0.054696789536266346,inf
139,"frozenset({'数字', '发展'})",frozenset({'区块'}),0.06896551724137931,0.20689655172413793,0.06896551724137931,1.0,4.833333333333333,0.054696789536266346,inf
141,"frozenset({'数字', '技术', '发展'})",frozenset({'区块'}),0.06896551724137931,0.20689655172413793,0.06896551724137931,1.0,4.833333333333333,0.054696789536266346,inf
186,"frozenset({'数字', '经济社会'})",frozenset({'技术'}),0.06896551724137931,0.2413793103448276,0.06896551724137931,1.0,4.142857142857142,0.052318668252080855,inf
204,"frozenset({'数字', '区块', '经济社会'})",frozenset({'技术'}),0.06896551724137931,0.2413793103448276,0.06896551724137931,1.0,4.142857142857142,0.052318668252080855,inf
233,"frozenset({'经济社会', '区块', '发展'})",frozenset({'技术'}),0.06896551724137931,0.2413793103448276,0.06896551724137931,1.0,4.142857142857142,0.052318668252080855,inf
242,"frozenset({'数字', '经济社会', '区块', '发展'})",frozenset({'技术'}),0.06896551724137931,0.2413793103448276,0.06896551724137931,1.0,4.142857142857142,0.052318668252080855,inf
223,"frozenset({'数字', '经济社会', '发展'})",frozenset({'技术'}),0.06896551724137931,0.2413793103448276,0.06896551724137931,1.0,4.142857142857142,0.052318668252080855,inf
137,"frozenset({'数字', '发展'})",frozenset({'技术'}),0.06896551724137931,0.2413793103448276,0.06896551724137931,1.0,4.142857142857142,0.052318668252080855,inf
142,"frozenset({'数字', '区块', '发展'})",frozenset({'技术'}),0.06896551724137931,0.2413793103448276,0.06896551724137931,1.0,4.142857142857142,0.052318668252080855,inf
135,"frozenset({'数字', '区块'})",frozenset({'技术'}),0.06896551724137931,0.2413793103448276,0.06896551724137931,1.0,4.142857142857142,0.052318668252080855,inf
194,"frozenset({'区块', '经济社会'})",frozenset({'技术'}),0.06896551724137931,0.2413793103448276,0.06896551724137931,1.0,4.142857142857142,0.052318668252080855,inf
199,"frozenset({'经济社会', '发展'})",frozenset({'技术'}),0.06896551724137931,0.2413793103448276,0.06896551724137931,1.0,4.142857142857142,0.052318668252080855,inf
3,"frozenset({'领域', '区块'})",frozenset({'技术'}),0.06896551724137931,0.2413793103448276,0.06896551724137931,1.0,4.142857142857142,0.052318668252080855,inf
172,"frozenset({'区块', '发展'})",frozenset({'技术'}),0.10344827586206896,0.2413793103448276,0.10344827586206896,1.0,4.142857142857142,0.07847800237812128,inf
179,frozenset({'经济社会'}),frozenset({'技术'}),0.06896551724137931,0.2413793103448276,0.06896551724137931,1.0,4.142857142857142,0.052318668252080855,inf
171,frozenset({'区块'}),frozenset({'技术'}),0.20689655172413793,0.2413793103448276,0.1724137931034483,0.8333333333333334,3.4523809523809526,0.12247324613555292,4.551724137931036
93,"frozenset({'愿同', '发展'})",frozenset({'创新'}),0.06896551724137931,0.3103448275862069,0.06896551724137931,1.0,3.2222222222222223,0.04756242568370987,inf
14,frozenset({'着力'}),frozenset({'创新'}),0.06896551724137931,0.3103448275862069,0.06896551724137931,1.0,3.2222222222222223,0.04756242568370987,inf
4,frozenset({'重大突破'}),frozenset({'创新'}),0.06896551724137931,0.3103448275862069,0.06896551724137931,1.0,3.2222222222222223,0.04756242568370987,inf
105,"frozenset({'区块', '产业'})",frozenset({'创新'}),0.06896551724137931,0.3103448275862069,0.06896551724137931,1.0,3.2222222222222223,0.04756242568370987,inf
169,"frozenset({'合作', '科技'})",frozenset({'创新'}),0.06896551724137931,0.3103448275862069,0.06896551724137931,1.0,3.2222222222222223,0.04756242568370987,inf
173,frozenset({'核心技术'}),frozenset({'创新'}),0.06896551724137931,0.3103448275862069,0.06896551724137931,1.0,3.2222222222222223,0.04756242568370987,inf
12,"frozenset({'世界', '科技'})",frozenset({'创新'}),0.06896551724137931,0.3103448275862069,0.06896551724137931,1.0,3.2222222222222223,0.04756242568370987,inf
9,frozenset({'世界'}),frozenset({'创新'}),0.06896551724137931,0.3103448275862069,0.06896551724137931,1.0,3.2222222222222223,0.04756242568370987,inf
7,"frozenset({'科技', '重大突破'})",frozenset({'创新'}),0.06896551724137931,0.3103448275862069,0.06896551724137931,1.0,3.2222222222222223,0.04756242568370987,inf
241,"frozenset({'数字', '技术', '区块', '经济社会'})",frozenset({'发展'}),0.06896551724137931,0.3448275862068966,0.06896551724137931,1.0,2.9,0.04518430439952437,inf
43,"frozenset({'新一轮', '变革', '治理'})",frozenset({'科技'}),0.06896551724137931,0.3448275862068966,0.06896551724137931,1.0,2.9,0.04518430439952437,inf
51,"frozenset({'新一轮', '科技', '变革'})",frozenset({'发展'}),0.06896551724137931,0.3448275862068966,0.06896551724137931,1.0,2.9,0.04518430439952437,inf
52,"frozenset({'新一轮', '变革', '发展'})",frozenset({'科技'}),0.06896551724137931,0.3448275862068966,0.06896551724137931,1.0,2.9,0.04518430439952437,inf
59,"frozenset({'新一轮', '科技', '治理'})",frozenset({'发展'}),0.06896551724137931,0.3448275862068966,0.06896551724137931,1.0,2.9,0.04518430439952437,inf
6,"frozenset({'创新', '重大突破'})",frozenset({'科技'}),0.06896551724137931,0.3448275862068966,0.06896551724137931,1.0,2.9,0.04518430439952437,inf
28,"frozenset({'新一轮', '治理'})",frozenset({'科技'}),0.06896551724137931,0.3448275862068966,0.06896551724137931,1.0,2.9,0.04518430439952437,inf
33,"frozenset({'新一轮', '变革', '治理'})",frozenset({'发展'}),0.06896551724137931,0.3448275862068966,0.06896551724137931,1.0,2.9,0.04518430439952437,inf
31,"frozenset({'新一轮', '发展'})",frozenset({'科技'}),0.06896551724137931,0.3448275862068966,0.06896551724137931,1.0,2.9,0.04518430439952437,inf
30,"frozenset({'新一轮', '科技'})",frozenset({'发展'}),0.06896551724137931,0.3448275862068966,0.06896551724137931,1.0,2.9,0.04518430439952437,inf
25,"frozenset({'新一轮', '治理'})",frozenset({'发展'}),0.06896551724137931,0.3448275862068966,0.06896551724137931,1.0,2.9,0.04518430439952437,inf
16,"frozenset({'变革', '发展'})",frozenset({'科技'}),0.06896551724137931,0.3448275862068966,0.06896551724137931,1.0,2.9,0.04518430439952437,inf
15,"frozenset({'科技', '变革'})",frozenset({'发展'}),0.06896551724137931,0.3448275862068966,0.06896551724137931,1.0,2.9,0.04518430439952437,inf
11,"frozenset({'创新', '世界'})",frozenset({'科技'}),0.06896551724137931,0.3448275862068966,0.06896551724137931,1.0,2.9,0.04518430439952437,inf
67,"frozenset({'新一轮', '变革', '发展', '治理'})",frozenset({'科技'}),0.06896551724137931,0.3448275862068966,0.06896551724137931,1.0,2.9,0.04518430439952437,inf
10,frozenset({'世界'}),frozenset({'科技'}),0.06896551724137931,0.3448275862068966,0.06896551724137931,1.0,2.9,0.04518430439952437,inf
5,frozenset({'重大突破'}),frozenset({'科技'}),0.06896551724137931,0.3448275862068966,0.06896551724137931,1.0,2.9,0.04518430439952437,inf
60,"frozenset({'新一轮', '发展', '治理'})",frozenset({'科技'}),0.06896551724137931,0.3448275862068966,0.06896551724137931,1.0,2.9,0.04518430439952437,inf
107,"frozenset({'变革', '治理'})",frozenset({'发展'}),0.06896551724137931,0.3448275862068966,0.06896551724137931,1.0,2.9,0.04518430439952437,inf
70,"frozenset({'新一轮', '变革', '科技', '治理'})",frozenset({'发展'}),0.06896551724137931,0.3448275862068966,0.06896551724137931,1.0,2.9,0.04518430439952437,inf
92,"frozenset({'创新', '愿同'})",frozenset({'发展'}),0.06896551724137931,0.3448275862068966,0.06896551724137931,1.0,2.9,0.04518430439952437,inf
190,"frozenset({'数字', '经济社会'})",frozenset({'发展'}),0.06896551724137931,0.3448275862068966,0.06896551724137931,1.0,2.9,0.04518430439952437,inf
180,frozenset({'经济社会'}),frozenset({'发展'}),0.06896551724137931,0.3448275862068966,0.06896551724137931,1.0,2.9,0.04518430439952437,inf
197,"frozenset({'区块', '经济社会'})",frozenset({'发展'}),0.06896551724137931,0.3448275862068966,0.06896551724137931,1.0,2.9,0.04518430439952437,inf
200,"frozenset({'技术', '经济社会'})",frozenset({'发展'}),0.06896551724137931,0.3448275862068966,0.06896551724137931,1.0,2.9,0.04518430439952437,inf
168,"frozenset({'合作', '创新'})",frozenset({'科技'}),0.06896551724137931,0.3448275862068966,0.06896551724137931,1.0,2.9,0.04518430439952437,inf
140,"frozenset({'数字', '技术', '区块'})",frozenset({'发展'}),0.06896551724137931,0.3448275862068966,0.06896551724137931,1.0,2.9,0.04518430439952437,inf
138,"frozenset({'数字', '区块'})",frozenset({'发展'}),0.06896551724137931,0.3448275862068966,0.06896551724137931,1.0,2.9,0.04518430439952437,inf
136,"frozenset({'数字', '技术'})",frozenset({'发展'}),0.06896551724137931,0.3448275862068966,0.06896551724137931,1.0,2.9,0.04518430439952437,inf
214,"frozenset({'数字', '区块', '经济社会'})",frozenset({'发展'}),0.06896551724137931,0.3448275862068966,0.06896551724137931,1.0,2.9,0.04518430439952437,inf
128,frozenset({'互联网'}),frozenset({'发展'}),0.06896551724137931,0.3448275862068966,0.06896551724137931,1.0,2.9,0.04518430439952437,inf
126,"frozenset({'应用', '人工智能'})",frozenset({'发展'}),0.06896551724137931,0.3448275862068966,0.06896551724137931,1.0,2.9,0.04518430439952437,inf
124,"frozenset({'人工智能', '产业'})",frozenset({'发展'}),0.06896551724137931,0.3448275862068966,0.06896551724137931,1.0,2.9,0.04518430439952437,inf
123,frozenset({'人工智能'}),frozenset({'发展'}),0.10344827586206896,0.3448275862068966,0.10344827586206896,1.0,2.9,0.06777645659928656,inf
117,"frozenset({'变革', '发展', '治理'})",frozenset({'科技'}),0.06896551724137931,0.3448275862068966,0.06896551724137931,1.0,2.9,0.04518430439952437,inf
116,"frozenset({'科技', '变革', '治理'})",frozenset({'发展'}),0.06896551724137931,0.3448275862068966,0.06896551724137931,1.0,2.9,0.04518430439952437,inf
113,"frozenset({'发展', '治理'})",frozenset({'科技'}),0.06896551724137931,0.3448275862068966,0.06896551724137931,1.0,2.9,0.04518430439952437,inf
112,"frozenset({'科技', '治理'})",frozenset({'发展'}),0.06896551724137931,0.3448275862068966,0.06896551724137931,1.0,2.9,0.04518430439952437,inf
224,"frozenset({'数字', '技术', '经济社会'})",frozenset({'发展'}),0.06896551724137931,0.3448275862068966,0.06896551724137931,1.0,2.9,0.04518430439952437,inf
111,"frozenset({'变革', '治理'})",frozenset({'科技'}),0.06896551724137931,0.3448275862068966,0.06896551724137931,1.0,2.9,0.04518430439952437,inf
99,"frozenset({'凝聚', '共同体'})",frozenset({'发展'}),0.06896551724137931,0.3448275862068966,0.06896551724137931,1.0,2.9,0.04518430439952437,inf
97,frozenset({'凝聚'}),frozenset({'发展'}),0.06896551724137931,0.3448275862068966,0.06896551724137931,1.0,2.9,0.04518430439952437,inf
94,frozenset({'共同体'}),frozenset({'发展'}),0.06896551724137931,0.3448275862068966,0.06896551724137931,1.0,2.9,0.04518430439952437,inf
234,"frozenset({'技术', '区块', '经济社会'})",frozenset({'发展'}),0.06896551724137931,0.3448275862068966,0.06896551724137931,1.0,2.9,0.04518430439952437,inf
0,"frozenset({'融合', '领域'})",frozenset({'发展'}),0.06896551724137931,0.3448275862068966,0.06896551724137931,1.0,2.9,0.04518430439952437,inf
